{"x":47.77464389801,"y":241.63181304932,"angle":0.36744558138986}