{"x":309.93850708008,"y":27.95793056488,"angle":-27.502007397842}